<?xml version="1.0" encoding="UTF-8" standalone="yes"?>
<addon id="plugin.video.jukeboxhero" name="JukeboxHero" version="1.0.3" provider-name="Dandymedia">
  <requires>
    <import addon="xbmc.python" version="2.1.0"/>
	<import addon="script.module.addon.common" />
	<import addon="script.module.requests" />
  </requires>
  <extension point="xbmc.python.pluginsource" library="default.py">
		<provides>video audio</provides>
  </extension>
  <extension point="xbmc.addon.metadata">
	<summary lang="en">Music Playlists</summary>
	<description lang="en">Direct playlists from youtube using other sites to index and then searching youtube for playlist content.[CR][CR]You will need the Youtube addon installed.</description>
	<disclaimer lang="en"></disclaimer>
	<platform>all</platform>
  </extension>
</addon>
