﻿<?xml version="1.0" encoding="UTF-8" standalone="yes"?>
<addon id="adritecrepo" name="adritecNews Repo" version="0.0.1" provider-name="adritec">
	<extension point="xbmc.addon.repository" name="adritecNews Repository">
		<info compressed="false">http://raw.github.com/adritec/adritecrepo/master/addons.xml</info>
		<checksum>http://raw.github.com/adritec/adritecrepo/master/addons.xml.md5</checksum>
		<datadir zip="true">http://raw.github.com/adritec/adritecrepo/master/repo/</datadir>
	</extension>
	<extension point="xbmc.addon.metadata">
		<summary lang="en">Bem vindo ao Instalador de addons, uma nova forma para agilizar uma instalação de addons providas da Internet.</summary>
		<description lang="en">[B][COLOR dodgerblue]Adritec[/COLOR][COLOR red]News[/COLOR][COLOR yellow] ON [/COLOR][/B]</description>
		<disclaimer lang="en">[COLOR red][B]OBS: Addons providos da propria internet, Não tenho RESPONSABILIDADES![/B][/COLOR]</disclaimer>
		<forum>none</forum>
		<source></source>
		<website></website>
		<platform>all</platform>
	</extension> 
</addon>