<?xml version="1.0" encoding="UTF-8" standalone="yes"?>
<addon id="script.adritecnewsfeednews" name="[COLOR gold][B]FEED [/B][/COLOR][COLOR lawngreen][B]NEWS[/B][/COLOR]" version="1.0.0" provider-name="[COLOR dodgerblue][B]Adritec[/B][/COLOR][COLOR red][B]News[/B][/COLOR]">
    <requires>
        <import addon="xbmc.python" version="2.25.0"/>
        <import addon="script.module.feedparser" version="5.1.3"/>
    </requires>
    <extension point="xbmc.python.script" library="abrir.py"/>
    <extension point="xbmc.service" library="feednews.py" start="login"/>
    <extension point="xbmc.addon.metadata">
        <summary lang="en"></summary>
        <description lang="en">[COLOR white][B]Bem vindo ao [COLOR gold][B]FEED [/B][/COLOR][COLOR lawngreen][B]NEWS[/B][/COLOR], [B]uma nova forma de comunicação para Inscritos e não inscritos do Canal[/B] [/COLOR][COLOR dodgerblue][B]Adritec[/B][/COLOR][COLOR red][B]News[/B][/COLOR][COLOR white][B], excelente ferramenta e eficaz, trazendo notícias do Canal e Site[/B].[/COLOR] [COLOR white][B]*NOSSO CANAL: [B][COLOR dodgerblue]Pesquize no [COLOR white][/B][COLOR red][B]YouTube [/B][/COLOR] [B]por: [/B][COLOR dodgerblue][B]Adritec[/B][/COLOR][COLOR red][B] News[/B][/COLOR][COLOR white][B] *COLABORE: [/B][/COLOR][COLOR gold][B]https://apoia.se/adritecnews[/B][/COLOR] </description>  
	    <disclaimer lang="en">[COLOR orangered][B]ATENÇÃO[/B]:[/COLOR][COLOR lawngreen] [B]"PROIBIDA COPIA E INFORMAÇÕES CONTIDOS NESSE SCRIPT (ADD-ON) SEM MINHA ALTORIZAÇÃO"[/B][/COLOR] [COLOR ][COLOR orangered][B]REGISTRO:[/COLOR] [COLOR skyblue][B]"SCRIPT REGISTRADO POR QUESTÃO DE DIREITOS AUTORAIS"[/B][/COLOR]</disclaimer>
   	    <license></license>       
        <platform>all</platform>
        <website>http://adritecnews.com</website>
        <source></source>
        <forum></forum>
        <news>
*Este trabalho está licenciado sob uma Licença Creative Commons 
*Atribuição-NãoComercial-SemDerivações 4.0 Internacional. 
*Para ver uma cópia desta licença, 
*visite: http://creativecommons.org/licenses/by-nc-nd/4.0/.</news>
        <assets>
            <icon>images/icon.png</icon>
            <fanart>images/fanart.jpg</fanart>
            <screenshot>resources/print/0.jpg</screenshot>
            <screenshot>resources/print/1.jpg</screenshot>
            <screenshot>resources/print/2.jpg</screenshot>
            <screenshot>resources/print/3.jpg</screenshot>
        </assets>
    </extension>
</addon>