
 <channels>
 <channel>
 <name>regex pipocao</name>
 <thumbnail>https://scontent.cdni</thumbnail>
 <externallink>C:\Users\crotti\Desktop\REGEX PIPOCAO.php</externallink>
 <fanart>http://www.seriados.tv.br/</fanart>
 <info></info>
 </channel>
 </channels>
 </channels>

 <channels>
 <channel>
 <name>Listahttps://pastebin.com/raw/VJsAsgks</name>
 <thumbnail>https://pastebin.com/raw/VJsAsgks</thumbnail>
 <externallink>https://pastebin.com/raw/VJsAsgks</externallink>
 <fanart>http://www.seriados.tv.br/wp-content/uploads/2012/08/fdp_23082012_.jpg</fanart>
 <info></info>
 </channel>
 </channels>

 <channels>
 <channel>
 <name>C:\Users\crotti\Desktop\Rede+Canais+Tv.txt</name>
 <thumbnail>C:\Users\crotti\Desktop\Rede+Canais+Tv.txt</thumbnail>
 <externallink>C:\Users\crotti\Desktop\Rede+Canais+Tv.txt</externallink>
 <fanart>http://www.seriados.tv.br/wp-content/uploads/2012/08/fdp_23082012_.jpg</fanart>
 <info></info>
 </channel>
 </channels>

 <channels>
 <channel>
 <name>https://pastebin.com/raw/FGJC0mHd</name>
 <thumbnail>https://pastebin.com/raw/FGJC0mHd</thumbnail>
 <externallink>https://pastebin.com/raw/FGJC0mHd</externallink>
 <fanart>http://www.seriados.tv.br/wp-content/uploads/2012/08/fdp_23082012_.jpg</fanart>
 <info></info>
 </channel>
 </channels>

 <channels>
 <channel>
 <name>https://pastebin.com/raw/FRdZ3v3W</name>
 <thumbnail>https://pastebin.com/raw/FRdZ3v3W</thumbnail>
 <externallink>https://pastebin.com/raw/FRdZ3v3W</externallink>
 <fanart>http://www.seriados.tv.br/wp-content/uploads/2012/08/fdp_23082012_.jpg</fanart>
 <info></info>
 </channel>
 </channels>

 <channels>
 <channel>
 <name>https://pastebin.com/raw/vGJysrqc lista m3u encode</name>
 <thumbnail>https://pastebin.com/raw/vGJysrqc</thumbnail>
 <externallink>https://pastebin.com/raw/vGJysrqc</externallink>
 <fanart>http://www.seriados.tv.br/wp-content/uploads/2012/08/fdp_23082012_.jpg</fanart>
 <info></info>
 </channel>
 </channels>

 <channels>
 <channel>
 <name>C:\Users\crotti\Desktop\TYPE_TVSHOW</name>
 <thumbnail>C:\Users\crotti\Desktop\TYPE_TVSHOW</thumbnail>
 <externallink>C:\Users\crotti\Desktop\TYPE_TVSHOW</externallink>
 <fanart>http://www.seriados.tv.br/wp-content/uploads/2012/08/fdp_23082012_.jpg</fanart>
 <info></info>
 </channel>
 </channels>

 <channels>
 <channel>
 <name>Listatv</name>
 <thumbnail></thumbnail>
 <externallink>https://pastebin.com/raw/RzUCbuei</externallink>
 <fanart>http://www.seriados.tv.br/wp-content/uploads/2012/08/fdp_23082012_.jpg</fanart>
 <info></info>
 </channel>
 </channels>
